{
  "lang":"en",
  "name":"pipeline",
  "version":"0.0.0",
  "spacy_version":">=3.3.0,<3.4.0",
  "description":"",
  "author":"",
  "email":"",
  "url":"",
  "license":"",
  "spacy_git_version":"Unknown",
  "vectors":{
    "width":0,
    "vectors":0,
    "keys":0,
    "name":null,
    "mode":"default"
  },
  "labels":{
    "tok2vec":[

    ],
    "ner":[
      "B",
      "DES",
      "EMAIL",
      "I",
      "NAME",
      "ORG",
      "PHONE",
      "WEB"
    ]
  },
  "pipeline":[
    "tok2vec",
    "ner"
  ],
  "components":[
    "tok2vec",
    "ner"
  ],
  "disabled":[

  ],
  "performance":{
    "ents_f":0.6469428008,
    "ents_p":0.6776859504,
    "ents_r":0.6188679245,
    "ents_per_type":{
      "B-NAME":{
        "p":0.5882352941,
        "r":0.5,
        "f":0.5405405405
      },
      "B-DES":{
        "p":0.625,
        "r":0.4761904762,
        "f":0.5405405405
      },
      "I-DES":{
        "p":0.6666666667,
        "r":0.6666666667,
        "f":0.6666666667
      },
      "I-ORG":{
        "p":0.7567567568,
        "r":0.5833333333,
        "f":0.6588235294
      },
      "B-PHONE":{
        "p":0.8,
        "r":0.7804878049,
        "f":0.7901234568
      },
      "I-PHONE":{
        "p":0.6571428571,
        "r":0.71875,
        "f":0.6865671642
      },
      "B-ORG":{
        "p":0.5294117647,
        "r":0.45,
        "f":0.4864864865
      },
      "I-NAME":{
        "p":0.75,
        "r":0.5172413793,
        "f":0.612244898
      },
      "B-EMAIL":{
        "p":0.7368421053,
        "r":0.7777777778,
        "f":0.7567567568
      },
      "B-WEB":{
        "p":0.9166666667,
        "r":0.8461538462,
        "f":0.88
      },
      "NAME":{
        "p":0.0,
        "r":0.0,
        "f":0.0
      },
      "ORG":{
        "p":0.0,
        "r":0.0,
        "f":0.0
      },
      "I-EMAIL":{
        "p":0.3333333333,
        "r":0.3333333333,
        "f":0.3333333333
      },
      "B-PHOE":{
        "p":0.0,
        "r":0.0,
        "f":0.0
      },
      "I-WEB":{
        "p":0.0,
        "r":0.0,
        "f":0.0
      },
      "I-OR":{
        "p":0.0,
        "r":0.0,
        "f":0.0
      }
    },
    "tok2vec_loss":525.6323601882,
    "ner_loss":357.9337611853
  }
}