{
  "lang":"en",
  "name":"pipeline",
  "version":"0.0.0",
  "spacy_version":">=3.3.0,<3.4.0",
  "description":"",
  "author":"",
  "email":"",
  "url":"",
  "license":"",
  "spacy_git_version":"Unknown",
  "vectors":{
    "width":0,
    "vectors":0,
    "keys":0,
    "name":null,
    "mode":"default"
  },
  "labels":{
    "tok2vec":[

    ],
    "ner":[
      "B",
      "DES",
      "EMAIL",
      "I",
      "NAME",
      "ORG",
      "PHONE",
      "WEB"
    ]
  },
  "pipeline":[
    "tok2vec",
    "ner"
  ],
  "components":[
    "tok2vec",
    "ner"
  ],
  "disabled":[

  ],
  "performance":{
    "ents_f":0.6744639376,
    "ents_p":0.6975806452,
    "ents_r":0.6528301887,
    "ents_per_type":{
      "I-NAME":{
        "p":0.8076923077,
        "r":0.724137931,
        "f":0.7636363636
      },
      "B-DES":{
        "p":0.6470588235,
        "r":0.5238095238,
        "f":0.5789473684
      },
      "I-DES":{
        "p":0.5,
        "r":0.6666666667,
        "f":0.5714285714
      },
      "I-ORG":{
        "p":0.6888888889,
        "r":0.6458333333,
        "f":0.6666666667
      },
      "B-PHONE":{
        "p":0.7804878049,
        "r":0.7804878049,
        "f":0.7804878049
      },
      "I-PHONE":{
        "p":0.6857142857,
        "r":0.75,
        "f":0.7164179104
      },
      "B-ORG":{
        "p":0.5789473684,
        "r":0.55,
        "f":0.5641025641
      },
      "B-NAME":{
        "p":0.75,
        "r":0.45,
        "f":0.5625
      },
      "B-EMAIL":{
        "p":0.8235294118,
        "r":0.7777777778,
        "f":0.8
      },
      "B-WEB":{
        "p":0.8333333333,
        "r":0.7692307692,
        "f":0.8
      },
      "I-EMAIL":{
        "p":0.0,
        "r":0.0,
        "f":0.0
      },
      "B-PHOE":{
        "p":0.0,
        "r":0.0,
        "f":0.0
      },
      "I-WEB":{
        "p":0.0,
        "r":0.0,
        "f":0.0
      },
      "I-OR":{
        "p":0.0,
        "r":0.0,
        "f":0.0
      }
    },
    "tok2vec_loss":814.9687147329,
    "ner_loss":397.1349114481
  }
}